<?xml version="1.0" encoding="UTF-8"?>
<!-- Generated by JClic - https://projectestac.github.io/jclic -->
<manifest identifier="JClic-F54669" version="1.0" xmlns="http://www.imsproject.org/xsd/imscp_rootv1p1p2" xmlns:adlcp="http://www.adlnet.org/xsd/adlcp_rootv1p2" xmlns:xsi="http://www.w3.org/2001/XMLSchema-instance" xsi:schemaLocation= "http://www.imsproject.org/xsd/imscp_rootv1p1p2 imscp_rootv1p1p2.xsd http://www.imsglobal.org/xsd/imsmd_rootv1p2p1 imsmd_rootv1p2p1.xsd http://www.adlnet.org/xsd/adlcp_rootv1p2 adlcp_rootv1p2.xsd">
 <metadata> 
  <schema>ADL SCORM</schema>
  <schemaversion>1.2</schemaversion>
 </metadata> 
 <organizations default="JClic">  
  <organization identifier="JClic">  
   <title>CLIL</title>
   <item identifier="ITEM_JClic-F54669" identifierref="RES_JClic-F54669">
    <title>CLIL</title>
   </item>
  </organization>
 </organizations>
 <resources>
  <resource identifier="RES_JClic-F54669" type="webcontent" href="/index.html" adlcp:scormtype="sco"> 
   <file href="1.png"/>
   <file href="2.png"/>
   <file href="3.png"/>
   <file href="4.png"/>
   <file href="5.png"/>
   <file href="6.png"/>
   <file href="7.png"/>
   <file href="a4df68f18f06ed7ff3c94d76e01127c6.gif"/>
   <file href="clil.jclic"/>
   <file href="clil.jclic.js"/>
   <file href="favicon.ico"/>
   <file href="funny-anatomical-mascot-kidneys-muscle-tooth-lungs-heart-liver-stomach-brain-bone-digestive-system-characters-cute-human-body-internal-organs-anatomy-healthcare-medi.jpg"/>
   <file href="icon-192.png"/>
   <file href="icon-72.png"/>
   <file href="imsmanifest.xml"/>
   <file href="index.html"/>
   <file href="project-cover.jpg"/>
   <file href="project-thumb.jpg"/>
   <file href="project.json"/>
  </resource>
 </resources>
</manifest>